[
  {
    "comment": "First Debit",
    "identifier": "43KH",
    "amount": 50.0,
    "targetAccountNumber": 1,
    "effect": true,
    "flow": "Nov 7, 2022, 1:30:30 PM"
  },
  {
    "comment": "First credit - Current Accounts",
    "identifier": "2JM0",
    "amount": 100.5,
    "targetAccountNumber": 1,
    "effect": true,
    "flow": "Nov 7, 2022, 1:30:30 PM"
  },
  {
    "comment": "Second Credit - Saving Accounts",
    "identifier": "33SO0",
    "amount": 1500.0,
    "targetAccountNumber": 2,
    "effect": true,
    "flow": "Nov 7, 2022, 1:30:30 PM"
  },
  {
    "comment": "First credit - Current Accounts",
    "identifier": "2JM0",
    "amount": 100.5,
    "targetAccountNumber": 3,
    "effect": true,
    "flow": "Nov 7, 2022, 1:30:30 PM"
  },
  {
    "comment": "Second Credit - Saving Accounts",
    "identifier": "33SO0",
    "amount": 1500.0,
    "targetAccountNumber": 4,
    "effect": true,
    "flow": "Nov 7, 2022, 1:30:30 PM"
  },
  {
    "comment": "First credit - Current Accounts",
    "identifier": "2JM0",
    "amount": 100.5,
    "targetAccountNumber": 5,
    "effect": true,
    "flow": "Nov 7, 2022, 1:30:30 PM"
  },
  {
    "comment": "Second Credit - Saving Accounts",
    "identifier": "33SO0",
    "amount": 1500.0,
    "targetAccountNumber": 6,
    "effect": true,
    "flow": "Nov 7, 2022, 1:30:30 PM"
  },
  {
    "comment": "First credit - Current Accounts",
    "identifier": "2JM0",
    "amount": 100.5,
    "targetAccountNumber": 7,
    "effect": true,
    "flow": "Nov 7, 2022, 1:30:30 PM"
  },
  {
    "comment": "Second Credit - Saving Accounts",
    "identifier": "33SO0",
    "amount": 1500.0,
    "targetAccountNumber": 8,
    "effect": true,
    "flow": "Nov 7, 2022, 1:30:30 PM"
  },
  {
    "comment": "First credit - Current Accounts",
    "identifier": "2JM0",
    "amount": 100.5,
    "targetAccountNumber": 9,
    "effect": true,
    "flow": "Nov 7, 2022, 1:30:30 PM"
  },
  {
    "comment": "Second Credit - Saving Accounts",
    "identifier": "33SO0",
    "amount": 1500.0,
    "targetAccountNumber": 10,
    "effect": true,
    "flow": "Nov 7, 2022, 1:30:30 PM"
  },
  {
    "comment": "First credit - Current Accounts",
    "identifier": "2JM0",
    "amount": 100.5,
    "targetAccountNumber": 11,
    "effect": true,
    "flow": "Nov 7, 2022, 1:30:30 PM"
  },
  {
    "comment": "Second Credit - Saving Accounts",
    "identifier": "33SO0",
    "amount": 1500.0,
    "targetAccountNumber": 12,
    "effect": true,
    "flow": "Nov 7, 2022, 1:30:30 PM"
  },
  {
    "comment": "First credit - Current Accounts",
    "identifier": "2JM0",
    "amount": 100.5,
    "targetAccountNumber": 13,
    "effect": true,
    "flow": "Nov 7, 2022, 1:30:30 PM"
  },
  {
    "comment": "Second Credit - Saving Accounts",
    "identifier": "33SO0",
    "amount": 1500.0,
    "targetAccountNumber": 14,
    "effect": true,
    "flow": "Nov 7, 2022, 1:30:30 PM"
  }
]
